{
  "state": {
    "isStdOutTTY": true,
    "isStdErrTTY": true,
    "testRunDurationMs": 271862.348887
  },
  "metrics": {
    "ws_connecting": {
      "contains": "time",
      "values": {
        "avg": 126.88339753333328,
        "min": 104.568651,
        "med": 126.387607,
        "max": 156.185436,
        "p(90)": 145.3969656,
        "p(95)": 149.8639024
      },
      "type": "trend"
    },
    "page_load_time": {
      "type": "trend",
      "contains": "default",
      "values": {
        "avg": 37.97408788825546,
        "min": 30.958549,
        "med": 38.348922,
        "max": 48.576392,
        "p(90)": 43.3042818,
        "p(95)": 44.388427799999995
      }
    },
    "http_req_connecting": {
      "type": "trend",
      "contains": "time",
      "values": {
        "med": 0,
        "max": 51.045238,
        "p(90)": 0,
        "p(95)": 0,
        "avg": 0.7862103067770304,
        "min": 0
      }
    },
    "vus": {
      "values": {
        "value": 1,
        "min": 1,
        "max": 20
      },
      "type": "gauge",
      "contains": "default"
    },
    "http_req_receiving": {
      "type": "trend",
      "contains": "time",
      "values": {
        "avg": 0.8064479860320748,
        "min": 0.025762,
        "med": 0.132322,
        "max": 44.34404,
        "p(90)": 1.6321847999999999,
        "p(95)": 2.2289245999999996
      }
    },
    "api_call_time": {
      "type": "trend",
      "contains": "default",
      "values": {
        "avg": 60.91115749022342,
        "min": 35.377908,
        "med": 50.235816,
        "max": 163.327722,
        "p(90)": 92.36674400000001,
        "p(95)": 102.80736775
      }
    },
    "http_reqs": {
      "values": {
        "count": 1933,
        "rate": 7.110215915935657
      },
      "type": "counter",
      "contains": "default"
    },
    "checks": {
      "type": "rate",
      "contains": "default",
      "values": {
        "rate": 0.9818934299017071,
        "passes": 1898,
        "fails": 35
      }
    },
    "vus_max": {
      "values": {
        "value": 20,
        "min": 20,
        "max": 20
      },
      "type": "gauge",
      "contains": "default"
    },
    "iteration_duration": {
      "type": "trend",
      "contains": "time",
      "values": {
        "min": 2284.086783,
        "med": 9180.954134,
        "max": 14002.85885,
        "p(90)": 11491.6949947,
        "p(95)": 12072.29087535,
        "avg": 8452.618351123532
      }
    },
    "auth_errors": {
      "values": {
        "rate": 0,
        "passes": 0,
        "fails": 0
      },
      "thresholds": {
        "rate<0.01": {
          "ok": true
        }
      },
      "type": "rate",
      "contains": "default"
    },
    "group_duration": {
      "type": "trend",
      "contains": "time",
      "values": {
        "med": 7275.9744715,
        "max": 11389.408662,
        "p(90)": 9511.356447400001,
        "p(95)": 9920.168988950001,
        "avg": 6749.938470432354,
        "min": 2284.026134
      }
    },
    "http_req_sending": {
      "type": "trend",
      "contains": "time",
      "values": {
        "p(95)": 0.18899099999999996,
        "avg": 0.09827024262803932,
        "min": 0.014758,
        "med": 0.090498,
        "max": 2.187694,
        "p(90)": 0.161356
      }
    },
    "http_req_duration": {
      "type": "trend",
      "contains": "time",
      "values": {
        "avg": 55.195145751163984,
        "min": 30.958549,
        "med": 43.660334,
        "max": 163.327722,
        "p(90)": 96.92071499999999,
        "p(95)": 104.4640718
      },
      "thresholds": {
        "p(95)<3000": {
          "ok": true
        }
      }
    },
    "data_received": {
      "type": "counter",
      "contains": "data",
      "values": {
        "count": 4441818,
        "rate": 16338.481655090269
      }
    },
    "http_req_failed": {
      "type": "rate",
      "contains": "default",
      "values": {
        "passes": 35,
        "fails": 1898,
        "rate": 0.01810657009829281
      }
    },
    "data_sent": {
      "type": "counter",
      "contains": "data",
      "values": {
        "count": 845209,
        "rate": 3108.959381320259
      }
    },
    "http_status_2xx": {
      "type": "counter",
      "contains": "default",
      "values": {
        "count": 1558,
        "rate": 5.730841384908306
      }
    },
    "http_req_duration{expected_response:true}": {
      "type": "trend",
      "contains": "time",
      "values": {
        "avg": 55.45150301738673,
        "min": 30.958549,
        "med": 43.802289,
        "max": 163.327722,
        "p(90)": 97.08395839999999,
        "p(95)": 104.5147525
      }
    },
    "iterations": {
      "contains": "default",
      "values": {
        "count": 340,
        "rate": 1.250632908131466
      },
      "type": "counter"
    },
    "http_req_blocked": {
      "type": "trend",
      "contains": "time",
      "values": {
        "avg": 1.731200532333165,
        "min": 0.00009,
        "med": 0.000363,
        "max": 135.986538,
        "p(90)": 0.0007157999999999999,
        "p(95)": 0.0008193999999999999
      }
    },
    "ws_sessions": {
      "type": "counter",
      "contains": "default",
      "values": {
        "count": 45,
        "rate": 0.16552494372328225
      }
    },
    "http_status_4xx": {
      "type": "counter",
      "contains": "default",
      "values": {
        "count": 35,
        "rate": 0.1287416228958862
      }
    },
    "errors": {
      "type": "rate",
      "contains": "default",
      "values": {
        "rate": 0.02197112366603892,
        "passes": 35,
        "fails": 1558
      },
      "thresholds": {
        "rate<0.05": {
          "ok": true
        }
      }
    },
    "http_req_waiting": {
      "type": "trend",
      "contains": "time",
      "values": {
        "avg": 54.290427522503784,
        "min": 30.798572,
        "med": 43.284673,
        "max": 163.158014,
        "p(90)": 95.8046202,
        "p(95)": 103.79919299999997
      }
    },
    "ws_session_duration": {
      "values": {
        "avg": 127.18752082222224,
        "min": 104.788685,
        "med": 126.653292,
        "max": 156.429808,
        "p(90)": 145.6422064,
        "p(95)": 150.13757479999998
      },
      "type": "trend",
      "contains": "time"
    },
    "http_req_tls_handshaking": {
      "contains": "time",
      "values": {
        "med": 0,
        "max": 50.373584,
        "p(90)": 0,
        "p(95)": 0,
        "avg": 0.8837220739782722,
        "min": 0
      },
      "type": "trend"
    },
    "ws_msgs_sent": {
      "type": "counter",
      "contains": "default",
      "values": {
        "rate": 0.16552494372328225,
        "count": 45
      }
    },
    "events_created": {
      "contains": "default",
      "values": {
        "count": 4,
        "rate": 0.014713328330958423
      },
      "type": "counter"
    }
  },
  "root_group": {
    "path": "",
    "id": "d41d8cd98f00b204e9800998ecf8427e",
    "groups": [
      {
        "name": "Casual Browser",
        "path": "::Casual Browser",
        "id": "500cfc90f1e3a590bebfc37f5aa324c6",
        "groups": [],
        "checks": [
            {
              "name": "auth success",
              "path": "::Casual Browser::auth success",
              "id": "2d69ead8546954455a08782714138095",
              "passes": 141,
              "fails": 0
            },
            {
              "fails": 0,
              "name": "page / OK",
              "path": "::Casual Browser::page / OK",
              "id": "f3b950782db4aad4da8b1e680ec3fd1e",
              "passes": 141
            },
            {
              "passes": 141,
              "fails": 0,
              "name": "page /events OK",
              "path": "::Casual Browser::page /events OK",
              "id": "1b60a70157a56c0fa295ed7fab04e1a6"
            },
            {
              "name": "GET /api/v1/events OK",
              "path": "::Casual Browser::GET /api/v1/events OK",