{
  "metrics": {
    "errors": {
      "contains": "default",
      "values": {
        "fails": 1029,
        "rate": 0.016252390057361378,
        "passes": 17
      },
      "thresholds": {
        "rate<0.05": {
          "ok": true
        }
      },
      "type": "rate"
    },
    "auth_errors": {
      "contains": "default",
      "values": {
        "fails": 0,
        "rate": 0,
        "passes": 0
      },
      "thresholds": {
        "rate<0.01": {
          "ok": true
        }
      },
      "type": "rate"
    },
    "data_received": {
      "contains": "data",
      "values": {
        "count": 3342173,
        "rate": 15824.668620430315
      },
      "type": "counter"
    },
    "http_reqs": {
      "type": "counter",
      "contains": "default",
      "values": {
        "count": 1272,
        "rate": 6.022721889377768
      }
    },
    "alerts_created": {
      "type": "counter",
      "contains": "default",
      "values": {
        "count": 6,
        "rate": 0.028409065515932863
      }
    },
    "ws_session_duration": {
      "type": "trend",
      "contains": "time",
      "values": {
        "p(90)": 2143.4275732,
        "p(95)": 2154.0906539499997,
        "avg": 2134.764955071428,
        "min": 2106.421794,
        "med": 2128.79666,
        "max": 2314.877465
      }
    },
    "messages_sent": {
      "type": "counter",
      "contains": "default",
      "values": {
        "count": 28,
        "rate": 0.13257563907435338
      }
    },
    "ws_sessions": {
      "type": "counter",
      "contains": "default",
      "values": {
        "rate": 0.13257563907435338,
        "count": 28
      }
    },
    "http_req_receiving": {
      "type": "trend",
      "contains": "time",
      "values": {
        "avg": 0.7736525503144652,
        "min": 0.02663,
        "med": 0.141366,
        "max": 91.962837,
        "p(90)": 0.2895283,
        "p(95)": 1.951549500000001
      }
    },
    "page_load_time": {
      "contains": "default",
      "values": {
        "max": 156.050856,
        "p(90)": 45.057295999999994,
        "p(95)": 45.9968875,
        "avg": 41.34559387500002,
        "min": 31.342754,
        "med": 39.30072
      },
      "type": "trend"
    },
    "http_req_duration{expected_response:true}": {
      "values": {
        "med": 45.586958,
        "max": 239.134884,
        "p(90)": 106.56331840000001,
        "p(95)": 114.95079989999999,
        "avg": 61.13028077450178,
        "min": 31.342754
      },
      "type": "trend",
      "contains": "time"
    },
    "http_req_blocked": {
      "values": {
        "avg": 2.668148886792458,
        "min": 0.000209,
        "med": 0.00037,
        "max": 117.524324,
        "p(90)": 0.0007369000000000001,
        "p(95)": 0.000888
      },
      "type": "trend",
      "contains": "time"
    },
    "http_status_4xx": {
      "type": "counter",
      "contains": "default",
      "values": {
        "rate": 0.08049235229514312,
        "count": 17
      }
    },
    "http_req_sending": {
      "type": "trend",
      "contains": "time",
      "values": {
        "med": 0.099375,
        "max": 0.807905,
        "p(90)": 0.16688940000000002,
        "p(95)": 0.1925479,
        "avg": 0.1051862759433961,
        "min": 0.022139
      }
    },
    "vus": {
      "type": "gauge",
      "contains": "default",
      "values": {
        "max": 20,
        "value": 1,
        "min": 1
      }
    },
    "checks": {
      "type": "rate",
      "contains": "default",
      "values": {
        "rate": 0.985474006116208,
        "passes": 1289,
        "fails": 19
      }
    },
    "vus_max": {
      "values": {
        "min": 20,
        "max": 20,
        "value": 20
      },
      "type": "gauge",
      "contains": "default"
    },
    "ws_msgs_received": {
      "contains": "default",
      "values": {
        "count": 36,
        "rate": 0.17045439309559718
      },
      "type": "counter"
    },
    "http_req_connecting": {
      "type": "trend",
      "contains": "time",
      "values": {
        "avg": 1.2416230778301887,
        "min": 0,
        "med": 0,
        "max": 62.65667,
        "p(90)": 0,
        "p(95)": 0
      }
    },
    "data_sent": {
      "type": "counter",
      "contains": "data",
      "values": {
        "count": 581362,
        "rate": 2752.6585244122934
      }
    },
    "http_req_failed": {
      "type": "rate",
      "contains": "default",
      "values": {
        "rate": 0.013364779874213837,
        "passes": 17,
        "fails": 1255
      }
    },
    "api_call_time": {
      "type": "trend",
      "contains": "default",
      "values": {
        "min": 34.778981,
        "med": 54.075712499999995,
        "max": 219.879644,
        "p(90)": 114.5047979,
        "p(95)": 123.19352615,
        "avg": 69.79452989999997
      }
    },
    "http_req_duration": {
      "thresholds": {
        "p(95)<3000": {
          "ok": true
        }
      },
      "type": "trend",
      "contains": "time",
      "values": {
        "avg": 60.97250696933942,
        "min": 31.342754,
        "med": 45.5913045,
        "max": 239.134884,
        "p(90)": 106.5256221,
        "p(95)": 114.96291735
      }
    },
    "iterations": {
      "type": "counter",
      "contains": "default",
      "values": {
        "count": 226,
        "rate": 1.070074801100138
      }
    },
    "events_created": {
      "type": "counter",
      "contains": "default",
      "values": {
        "count": 6,
        "rate": 0.028409065515932863
      }
    },
    "http_status_2xx": {
      "contains": "default",
      "values": {
        "count": 1029,
        "rate": 4.872154735982487
      },
      "type": "counter"
    },
    "iteration_duration": {
      "contains": "time",
      "values": {
        "max": 13377.166016,
        "p(90)": 11452.7927395,
        "p(95)": 12136.92318575,
        "avg": 9338.510887999999,
        "min": 5210.955791,
        "med": 9315.6974305
      },
      "type": "trend"
    },
    "group_duration": {
      "type": "trend",
      "contains": "time",
      "values": {
        "max": 11068.247519,
        "p(90)": 9434.5791165,
        "p(95)": 9931.091662750001,
        "avg": 7334.347665654866,
        "min": 3312.776761,
        "med": 7542.2509345
      }
    },
    "ws_connecting": {
      "type": "trend",
      "contains": "time",
      "values": {
        "max": 314.272902,
        "p(90)": 142.130266,
        "p(95)": 152.75490985,
        "avg": 133.6247720357143,
        "min": 105.106516,
        "med": 127.9321575
      }
    },
    "http_req_tls_handshaking": {
      "type": "trend",
      "contains": "time",
      "values": {
        "avg": 1.366255551886792,
        "min": 0,
        "med": 0,
        "max": 55.673209,
        "p(90)": 0,
        "p(95)": 0
      }
    },
    "ws_msgs_sent": {
      "type": "counter",
      "contains": "default",
      "values": {
        "rate": 0.13257563907435338,
        "count": 28
      }
    },
    "http_req_waiting": {
      "type": "trend",
      "contains": "time",
      "values": {
        "p(90)": 106.06671060000004,
        "p(95)": 114.47998430000001,
        "avg": 60.09366814308178,
        "min": 31.182392,
        "med": 45.2371875,
        "max": 238.919233
      }
    }
  },
  "root_group": {
    "checks": [],
    "name": "",
    "path": "",
    "id": "d41d8cd98f00b204e9800998ecf8427e",
    "groups": [
        {
          "name": "Active User",
          "path": "::Active User",
          "id": "f934bebc2bec474e3dcde356baa62d3b",
          "groups": [],
          "checks": [
              {
                "path": "::Active User::auth success",
                "id": "d8a1f7252a3dfaff4e656b5a1ff5a57d",
                "passes": 74,
                "fails": 0,
                "name": "auth success"
              },
              {
                "id": "0d0f941d4b274cdb71f7ca9885b888cc",
                "passes": 74,
                "fails": 0,