{
  "options": {
    "summaryTrendStats": [
      "avg",
      "min",
      "med",
      "max",
      "p(90)",
      "p(95)"
    ],
    "summaryTimeUnit": "",
    "noColor": false
  },
  "state": {
    "isStdOutTTY": true,
    "isStdErrTTY": true,
    "testRunDurationMs": 197562.782781
  },
  "metrics": {
    "vus": {
      "type": "gauge",
      "contains": "default",
      "values": {
        "max": 20,
        "value": 7,
        "min": 1
      }
    },
    "errors": {
      "type": "rate",
      "contains": "default",
      "values": {
        "rate": 0.011904761904761904,
        "passes": 14,
        "fails": 1162
      },
      "thresholds": {
        "rate<0.05": {
          "ok": true
        }
      }
    },
    "ws_session_duration": {
      "type": "trend",
      "contains": "time",
      "values": {
        "max": 1139.164177,
        "p(90)": 148.41111940000002,
        "p(95)": 157.75468740000002,
        "avg": 157.41422941025647,
        "min": 104.297738,
        "med": 130.957259
      }
    },
    "page_load_time": {
      "values": {
        "avg": 38.58444721439512,
        "min": 31.072333,
        "med": 38.34338,
        "max": 73.861685,
        "p(90)": 45.099093599999996,
        "p(95)": 46.1853648
      },
      "type": "trend",
      "contains": "default"
    },
    "http_req_duration": {
      "type": "trend",
      "contains": "time",
      "values": {
        "avg": 61.28431876220361,
        "min": 31.072333,
        "med": 44.9895305,
        "max": 385.536999,
        "p(90)": 108.2423327,
        "p(95)": 121.28776579999997
      },
      "thresholds": {
        "p(95)<3000": {
          "ok": true
        }
      }
    },
    "http_req_receiving": {
      "type": "trend",
      "contains": "time",
      "values": {
        "max": 281.173251,
        "p(90)": 2.1146832000000004,
        "p(95)": 32.955650999999996,
        "avg": 3.2157324211994442,
        "min": 0.02583,
        "med": 0.13751649999999999
      }
    },
    "iteration_duration": {
      "values": {
        "min": 1097.602784,
        "med": 9122.121489,
        "max": 13797.8061,
        "p(90)": 11352.688792,
        "p(95)": 12260.9220695,
        "avg": 8078.410662362545
      },
      "type": "trend",
      "contains": "time"
    },
    "auth_errors": {
      "type": "rate",
      "contains": "default",
      "values": {
        "fails": 0,
        "rate": 0,
        "passes": 0
      },
      "thresholds": {
        "rate<0.01": {
          "ok": true
        }
      }
    },
    "http_req_tls_handshaking": {
      "type": "trend",
      "contains": "time",
      "values": {
        "med": 0,
        "max": 56.417144,
        "p(90)": 0,
        "p(95)": 0,
        "avg": 1.1847458396094843,
        "min": 0
      }
    },
    "group_duration": {
      "contains": "time",
      "values": {
        "avg": 6483.628341454184,
        "min": 1097.468816,
        "med": 7156.47442,
        "max": 11079.738055,
        "p(90)": 9430.432923,
        "p(95)": 9846.4688805
      },
      "type": "trend"
    },
    "http_reqs": {
      "contains": "default",
      "values": {
        "rate": 7.258452122480988,
        "count": 1434
      },
      "type": "counter"
    },
    "http_req_duration{expected_response:true}": {
      "type": "trend",
      "contains": "time",
      "values": {
        "min": 31.072333,
        "med": 45.0748355,
        "max": 385.536999,
        "p(90)": 108.39986170000002,
        "p(95)": 121.45593604999999,
        "avg": 61.46258108732392
      }
    },
    "http_status_2xx": {
      "type": "counter",
      "contains": "default",
      "values": {
        "count": 1162,
        "rate": 5.88167459297274
      }
    },
    "data_received": {
      "values": {
        "count": 4260454,
        "rate": 21565.063723174768
      },
      "type": "counter",
      "contains": "data"
    },
    "data_sent": {
      "type": "counter",
      "contains": "data",
      "values": {
        "count": 677049,
        "rate": 3427.0067999118764
      }
    },
    "ws_msgs_sent": {
      "type": "counter",
      "contains": "default",
      "values": {
        "count": 39,
        "rate": 0.19740560165743273
      }
    },
    "http_req_waiting": {
      "type": "trend",
      "contains": "time",
      "values": {
        "avg": 57.97091822106001,
        "min": 30.952573,
        "med": 44.407955,
        "max": 192.81718,
        "p(90)": 104.9351355,
        "p(95)": 112.52590039999995
      }
    },
    "http_req_connecting": {
      "type": "trend",
      "contains": "time",
      "values": {
        "avg": 1.0582894302649928,
        "min": 0,
        "med": 0,
        "max": 45.066256,
        "p(90)": 0,
        "p(95)": 0
      }
    },
    "vus_max": {
      "type": "gauge",
      "contains": "default",
      "values": {
        "value": 20,
        "min": 20,
        "max": 20
      }
    },
    "events_created": {
      "type": "counter",
      "contains": "default",
      "values": {
        "count": 5,
        "rate": 0.025308410468901633
      }
    },
    "http_req_sending": {
      "type": "trend",
      "contains": "time",
      "values": {
        "p(95)": 0.19098254999999997,
        "avg": 0.09766811994421193,
        "min": 0.014855,
        "med": 0.08473,
        "max": 2.23446,
        "p(90)": 0.1647212
      }
    },
    "iterations": {
      "type": "counter",
      "contains": "default",
      "values": {
        "rate": 1.270482205538862,
        "count": 251
      }
    },
    "http_req_failed": {
      "type": "rate",
      "contains": "default",
      "values": {
        "rate": 0.009762900976290097,
        "passes": 14,
        "fails": 1420
      }
    },
    "checks": {
      "type": "rate",
      "contains": "default",
      "values": {
        "fails": 14,
        "rate": 0.9902370990237099,
        "passes": 1420
      }
    },
    "http_req_blocked": {
      "type": "trend",
      "contains": "time",
      "values": {
        "max": 123.125932,
        "p(90)": 0.0007950000000000005,
        "p(95)": 0.0009113499999999999,
        "avg": 2.2957838103207813,
        "min": 0.000212,
        "med": 0.000364
      }
    },
    "ws_sessions": {
      "values": {
        "rate": 0.19740560165743273,
        "count": 39
      },
      "type": "counter",
      "contains": "default"
    },
    "ws_connecting": {
      "type": "trend",
      "contains": "time",
      "values": {
        "avg": 157.0708237948718,
        "min": 103.982416,
        "med": 130.705486,
        "max": 1138.651385,
        "p(90)": 148.20937899999998,
        "p(95)": 157.5650971
      }
    },
    "api_call_time": {
      "type": "trend",
      "contains": "default",
      "values": {
        "p(90)": 129.3433526,
        "p(95)": 161.53131019999995,
        "avg": 75.27517635946468,
        "min": 34.80633,
        "med": 55.38748,
        "max": 385.536999
      }
    },
    "http_status_4xx": {
      "type": "counter",
      "contains": "default",
      "values": {
        "rate": 0.07086354931292457,
        "count": 14
      }
    }
  },
  "root_group": {
    "name": "",
    "path": "",
    "id": "d41d8cd98f00b204e9800998ecf8427e",
    "groups": [
      {
        "name": "Active User",
        "path": "::Active User",
        "id": "f934bebc2bec474e3dcde356baa62d3b",
        "groups": [],
        "checks": [
            {
              "name": "auth success",
              "path": "::Active User::auth success",
              "id": "d8a1f7252a3dfaff4e656b5a1ff5a57d",
              "passes": 92,
              "fails": 0
            },
            {
              "fails": 0,
              "name": "page / OK",
              "path": "::Active User::page / OK",
              "id": "0d0f941d4b274cdb71f7ca9885b888cc",
              "passes": 92
            },
            {
              "fails": 0,
              "name": "page /events OK",
              "path": "::Active User::page /events OK",