{
  "metrics": {
    "vus_max": {
      "contains": "default",
      "values": {
        "value": 20,
        "min": 20,
        "max": 20
      },
      "type": "gauge"
    },
    "api_call_time": {
      "type": "trend",
      "contains": "default",
      "values": {
        "avg": 59.38045612800001,
        "min": 35.181133,
        "med": 52.5333325,
        "max": 215.531859,
        "p(90)": 85.0803252,
        "p(95)": 88.8664301
      }
    },
    "http_req_duration{expected_response:true}": {
      "type": "trend",
      "contains": "time",
      "values": {
        "avg": 56.679865708708626,
        "min": 31.957312,
        "med": 46.869743,
        "max": 260.497117,
        "p(90)": 92.01722120000001,
        "p(95)": 102.3696828
      }
    },
    "http_req_connecting": {
      "type": "trend",
      "contains": "time",
      "values": {
        "max": 73.520679,
        "p(90)": 0,
        "p(95)": 0,
        "avg": 0.9113255177514791,
        "min": 0,
        "med": 0
      }
    },
    "data_sent": {
      "values": {
        "count": 764161,
        "rate": 2781.291221408254
      },
      "type": "counter",
      "contains": "data"
    },
    "ws_sessions": {
      "type": "counter",
      "contains": "default",
      "values": {
        "count": 56,
        "rate": 0.2038213261326634
      }
    },
    "iteration_duration": {
      "values": {
        "avg": 10729.63875073978,
        "min": 4594.250959,
        "med": 10779.111881,
        "max": 16044.318633,
        "p(90)": 13191.8813062,
        "p(95)": 13592.0829896
      },
      "type": "trend",
      "contains": "time"
    },
    "ws_session_duration": {
      "contains": "time",
      "values": {
        "med": 123.09612100000001,
        "max": 144.307507,
        "p(90)": 139.4585185,
        "p(95)": 141.41226699999999,
        "avg": 123.43300682142862,
        "min": 102.009403
      },
      "type": "trend"
    },
    "group_duration": {
      "type": "trend",
      "contains": "time",
      "values": {
        "min": 3528.463205,
        "med": 8789.840569,
        "max": 13302.863069,
        "p(90)": 10903.822807,
        "p(95)": 11382.0941826,
        "avg": 8712.3711282751
      }
    },
    "vus": {
      "type": "gauge",
      "contains": "default",
      "values": {
        "min": 1,
        "max": 20,
        "value": 1
      }
    },
    "errors": {
      "type": "rate",
      "contains": "default",
      "values": {
        "rate": 0.017593244194229415,
        "passes": 25,
        "fails": 1396
      },
      "thresholds": {
        "rate<0.05": {
          "ok": true
        }
      }
    },
    "http_status_4xx": {
      "type": "counter",
      "contains": "default",
      "values": {
        "count": 25,
        "rate": 0.09099166345208189
      }
    },
    "http_req_duration": {
      "type": "trend",
      "contains": "time",
      "values": {
        "med": 46.652913,
        "max": 260.497117,
        "p(90)": 91.93078510000001,
        "p(95)": 102.2814473,
        "avg": 56.470936462721795,
        "min": 31.957312
      },
      "thresholds": {
        "p(95)<2000": {
          "ok": true
        }
      }
    },
    "page_load_time": {
      "type": "trend",
      "contains": "default",
      "values": {
        "min": 31.957312,
        "med": 39.477346,
        "max": 76.149648,
        "p(90)": 44.920804,
        "p(95)": 45.952006499999996,
        "avg": 40.075668965722755
      }
    },
    "data_received": {
      "contains": "data",
      "values": {
        "count": 3418020,
        "rate": 12440.453020499397
      },
      "type": "counter"
    },
    "iterations": {
      "type": "counter",
      "contains": "default",
      "values": {
        "count": 269,
        "rate": 0.9790702987444011
      }
    },
    "http_req_tls_handshaking": {
      "contains": "time",
      "values": {
        "med": 0,
        "max": 55.756766,
        "p(90)": 0,
        "p(95)": 0,
        "avg": 1.002364737869822,
        "min": 0
      },
      "type": "trend"
    },
    "http_req_sending": {
      "contains": "time",
      "values": {
        "med": 0.089633,
        "max": 3.380721,
        "p(90)": 0.16572990000000007,
        "p(95)": 0.19572474999999998,
        "avg": 0.10095502958579877,
        "min": 0.016018
      },
      "type": "trend"
    },
    "http_req_receiving": {
      "type": "trend",
      "contains": "time",
      "values": {
        "avg": 0.27558280591716,
        "min": 0.025664,
        "med": 0.1282015,
        "max": 4.802071,
        "p(90)": 0.24002460000000017,
        "p(95)": 1.814016599999999
      }
    },
    "auth_errors": {
      "values": {
        "fails": 0,
        "rate": 0,
        "passes": 0
      },
      "thresholds": {
        "rate<0.01": {
          "ok": true
        }
      },
      "type": "rate",
      "contains": "default"
    },
    "http_reqs": {
      "type": "counter",
      "contains": "default",
      "values": {
        "count": 1690,
        "rate": 6.151036449360735
      }
    },
    "http_req_waiting": {
      "type": "trend",
      "contains": "time",
      "values": {
        "max": 260.228917,
        "p(90)": 91.6412238,
        "p(95)": 101.92567095,
        "avg": 56.09439862721892,
        "min": 31.472392,
        "med": 46.373018
      }
    },
    "http_req_blocked": {
      "type": "trend",
      "contains": "time",
      "values": {
        "p(90)": 0.000793,
        "p(95)": 0.0008855499999999999,
        "avg": 1.9595326899408283,
        "min": 0.00021,
        "med": 0.000373,
        "max": 148.544601
      }
    },
    "ws_connecting": {
      "contains": "time",
      "values": {
        "max": 144.201723,
        "p(90)": 139.356083,
        "p(95)": 141.3497155,
        "avg": 123.348381,
        "min": 101.941735,
        "med": 123.001903
      },
      "type": "trend"
    },
    "checks": {
      "type": "rate",
      "contains": "default",
      "values": {
        "rate": 0.9536082474226805,
        "passes": 1665,
        "fails": 81
      }
    },
    "http_status_2xx": {
      "type": "counter",
      "contains": "default",
      "values": {
        "count": 1396,
        "rate": 5.080974487164252
      }
    },
    "http_req_failed": {
      "type": "rate",
      "contains": "default",
      "values": {
        "rate": 0.014792899408284023,
        "passes": 25,
        "fails": 1665
      }
    }
  },
  "root_group": {
    "name": "",
    "path": "",
    "id": "d41d8cd98f00b204e9800998ecf8427e",
    "groups": [
      {
        "name": "Active User",
        "path": "::Active User",
        "id": "f934bebc2bec474e3dcde356baa62d3b",
        "groups": [],
        "checks": [
            {
              "name": "auth success",
              "path": "::Active User::auth success",
              "id": "d8a1f7252a3dfaff4e656b5a1ff5a57d",
              "passes": 107,
              "fails": 0
            },
            {
              "name": "page / OK",
              "path": "::Active User::page / OK",
              "id": "0d0f941d4b274cdb71f7ca9885b888cc",
              "passes": 107,
              "fails": 0
            },
            {
              "id": "f32f9e88eef8a0bce24f57f15fc57596",
              "passes": 107,
              "fails": 0,
              "name": "page /profile OK",
              "path": "::Active User::page /profile OK"
            },
            {
              "id": "067301f4e5810f3924b8978c61b9924f",
              "passes": 107,
              "fails": 0,
              "name": "GET /api/v1/users/me OK",
              "path": "::Active User::GET /api/v1/users/me OK"
            },
            {
              "name": "page /events OK",
              "path": "::Active User::page /events OK",
              "id": "4e466cb5427f9a9b7ad40fa5816112e3",
              "passes": 107,
              "fails": 0
            },
            {
              "name": "GET /api/v1/events OK",