{
  "options": {
    "summaryTrendStats": [
      "avg",
      "min",
      "med",
      "max",
      "p(90)",
      "p(95)"
    ],
    "summaryTimeUnit": "",
    "noColor": false
  },
  "state": {
    "isStdOutTTY": true,
    "isStdErrTTY": true,
    "testRunDurationMs": 1084713.323643
  },
  "metrics": {
    "events_latency": {
      "type": "trend",
      "contains": "default",
      "values": {
        "avg": 39.89107384657955,
        "min": 29.983272,
        "med": 39.244733,
        "max": 227.384371,
        "p(90)": 45.192612,
        "p(95)": 46.480433
      },
      "thresholds": {
        "p(95)<3000": {
          "ok": true
        }
      }
    },
    "http_req_duration{expected_response:true}": {
      "contains": "time",
      "values": {
        "avg": 39.92118442455706,
        "min": 29.941286,
        "med": 39.259489,
        "max": 258.070317,
        "p(90)": 45.2176412,
        "p(95)": 46.5366996
      },
      "type": "trend"
    },
    "vus_max": {
      "values": {
        "value": 800,
        "min": 800,
        "max": 800
      },
      "type": "gauge",
      "contains": "default"
    },
    "data_sent": {
      "type": "counter",
      "contains": "data",
      "values": {
        "count": 29972120,
        "rate": 27631.37443480357
      }
    },
    "safety_requests": {
      "type": "counter",
      "contains": "default",
      "values": {
        "rate": 144.42617840615753,
        "count": 156661
      }
    },
    "http_req_waiting": {
      "type": "trend",
      "contains": "time",
      "values": {
        "avg": 39.661658305194685,
        "min": 29.761711,
        "med": 39.035684,
        "max": 257.955736,
        "p(90)": 44.982166,
        "p(95)": 46.273012400000006
      }
    },
    "groups_latency": {
      "thresholds": {
        "p(95)<3000": {
          "ok": true
        }
      },
      "type": "trend",
      "contains": "default",
      "values": {
        "avg": 39.89482799884462,
        "min": 29.946335,
        "med": 39.249253,
        "max": 231.43553,
        "p(90)": 45.192731,
        "p(95)": 46.46524
      }
    },
    "http_req_blocked": {
      "type": "trend",
      "contains": "time",
      "values": {
        "min": 0.000107,
        "med": 0.000562,
        "max": 1109.89102,
        "p(90)": 0.00078,
        "p(95)": 0.000877,
        "avg": 0.09590471607359394
      }
    },
    "http_req_sending": {
      "type": "trend",
      "contains": "time",
      "values": {
        "avg": 0.08215798900811283,
        "min": 0.010959,
        "med": 0.065616,
        "max": 4.522748,
        "p(90)": 0.124423,
        "p(95)": 0.16347159999999986
      }
    },
    "events_requests": {
      "type": "counter",
      "contains": "default",
      "values": {
        "count": 156661,
        "rate": 144.42617840615753
      }
    },
    "http_req_duration": {
      "type": "trend",
      "contains": "time",
      "values": {
        "max": 258.070317,
        "p(90)": 45.2176412,
        "p(95)": 46.5366996,
        "avg": 39.92118442455706,
        "min": 29.941286,
        "med": 39.259489
      },
      "thresholds": {
        "p(95)<5000": {
          "ok": true
        }
      }
    },
    "users_requests": {
      "values": {
        "count": 156661,
        "rate": 144.42617840615753
      },
      "type": "counter",
      "contains": "default"
    },
    "http_req_connecting": {
      "contains": "time",
      "values": {
        "med": 0,
        "max": 1067.720776,
        "p(90)": 0,
        "p(95)": 0,
        "avg": 0.04998705188783418,
        "min": 0
      },
      "type": "trend"
    },
    "safety_latency": {
      "type": "trend",
      "contains": "default",
      "values": {
        "med": 39.189752,
        "max": 251.015335,
        "p(90)": 45.160578,
        "p(95)": 46.480398,
        "avg": 39.87013991074337,
        "min": 29.941286
      },
      "thresholds": {
        "p(95)<3000": {
          "ok": true
        }
      }
    },
    "data_received": {
      "type": "counter",
      "contains": "data",
      "values": {
        "count": 106091000,
        "rate": 97805.5654776087
      }
    },
    "iteration_duration": {
      "type": "trend",
      "contains": "time",
      "values": {
        "min": 3279.802579,
        "med": 4703.268013,
        "max": 6848.936578,
        "p(90)": 5240.80652,
        "p(95)": 5379.294707,
        "avg": 4703.708112961879
      }
    },
    "http_req_receiving": {
      "type": "trend",
      "contains": "time",
      "values": {
        "max": 134.838044,
        "p(90)": 0.1642136,
        "p(95)": 0.3552427999999996,
        "avg": 0.17736813035534982,
        "min": 0.009921,
        "med": 0.054958
      }
    },
    "http_reqs": {
      "contains": "default",
      "values": {
        "count": 783305,
        "rate": 722.1308920307877
      },
      "type": "counter"
    },
    "moderation_latency": {
      "type": "trend",
      "contains": "default",
      "values": {
        "p(95)": 46.800152,
        "avg": 40.09757395765386,
        "min": 30.118113,
        "med": 39.36708,
        "max": 252.550826,
        "p(90)": 45.364527
      },
      "thresholds": {
        "p(95)<3000": {
          "ok": true
        }
      }
    },
    "groups_requests": {
      "type": "counter",
      "contains": "default",
      "values": {
        "count": 156661,
        "rate": 144.42617840615753
      }
    },
    "moderation_requests": {
      "values": {
        "count": 156661,
        "rate": 144.42617840615753
      },
      "type": "counter",
      "contains": "default"
    },
    "users_latency": {
      "type": "trend",
      "contains": "default",
      "values": {
        "avg": 39.85230640896623,
        "min": 30.347874,
        "med": 39.252661,
        "max": 258.070317,
        "p(90)": 45.1758,
        "p(95)": 46.462274
      },
      "thresholds": {
        "p(95)<3000": {
          "ok": true
        }
      }
    },
    "errors": {
      "type": "rate",
      "contains": "default",
      "values": {
        "rate": 0,
        "passes": 0,
        "fails": 783305
      },
      "thresholds": {
        "rate<0.1": {
          "ok": true
        }
      }
    },
    "http_req_failed": {
      "type": "rate",
      "contains": "default",
      "values": {
        "rate": 0,
        "passes": 0,
        "fails": 783305
      }
    },
    "vus": {
      "values": {
        "value": 4,
        "min": 4,
        "max": 800
      },
      "type": "gauge",
      "contains": "default"
    },
    "checks": {
      "type": "rate",
      "contains": "default",
      "values": {
        "rate": 1,
        "passes": 783305,
        "fails": 0
      }
    },
    "iterations": {
      "type": "counter",
      "contains": "default",
      "values": {
        "count": 156661,
        "rate": 144.42617840615753
      }
    },
    "http_req_failed{endpoint:events}": {
      "thresholds": {
        "rate<0.02": {
          "ok": true
        }
      },
      "type": "rate",
      "contains": "default",
      "values": {
        "passes": 0,
        "fails": 156661,
        "rate": 0
      }
    },
    "http_req_tls_handshaking": {
      "values": {
        "min": 0,
        "med": 0,
        "max": 68.710848,
        "p(90)": 0,
        "p(95)": 0,
        "avg": 0.044790790196666735
      },
      "type": "trend",
      "contains": "time"
    }
  },
  "root_group": {
    "groups": [],
    "checks": [
        {
          "fails": 0,
          "name": "Users health status is 200",
          "path": "::Users health status is 200",
          "id": "bf12c97381d7efbe2848385906ee6cbe",
          "passes": 156661
        },
        {
          "path": "::Events health status is 200",
          "id": "241b13745de4ad504f35ffc0140816a1",
          "passes": 156661,
          "fails": 0,
          "name": "Events health status is 200"
        },
        {
          "fails": 0,
          "name": "Groups health status is 200",