{
  "options": {
    "summaryTrendStats": [
      "avg",
      "min",
      "med",
      "max",
      "p(90)",
      "p(95)"
    ],
    "summaryTimeUnit": "",
    "noColor": false
  },
  "state": {
    "isStdOutTTY": false,
    "isStdErrTTY": false,
    "testRunDurationMs": 482066.059286
  },
  "metrics": {
    "scenario_data_reader": {
      "type": "counter",
      "contains": "default",
      "values": {
        "count": 41,
        "rate": 0.08505058427205209
      }
    },
    "http_req_connecting": {
      "type": "trend",
      "contains": "time",
      "values": {
        "avg": 0.28892663258110013,
        "min": 0,
        "med": 0,
        "max": 66.70743,
        "p(90)": 0,
        "p(95)": 0
      }
    },
    "iteration_duration": {
      "type": "trend",
      "contains": "time",
      "values": {
        "max": 16340.414567,
        "p(90)": 13271.337075000001,
        "p(95)": 15118.8360234,
        "avg": 9551.813459526498,
        "min": 4258.653551,
        "med": 9234.672213
      }
    },
    "total_requests": {
      "type": "counter",
      "contains": "default",
      "values": {
        "count": 1158,
        "rate": 2.4021604045618616
      }
    },
    "data_received": {
      "type": "counter",
      "contains": "data",
      "values": {
        "count": 569802,
        "rate": 1181.9998297410689
      }
    },
    "http_req_receiving": {
      "type": "trend",
      "contains": "time",
      "values": {
        "min": 0.056086,
        "med": 0.13932250000000002,
        "max": 46.091007,
        "p(90)": 0.2088439,
        "p(95)": 0.26157725,
        "avg": 0.28128828913963294
      }
    },
    "error_rate": {
      "contains": "default",
      "values": {
        "passes": 0,
        "fails": 1158,
        "rate": 0
      },
      "thresholds": {
        "rate<0.01": {
          "ok": true
        }
      },
      "type": "rate"
    },
    "http_req_sending": {
      "type": "trend",
      "contains": "time",
      "values": {
        "avg": 0.12941619181946415,
        "min": 0.020857,
        "med": 0.1156775,
        "max": 3.878945,
        "p(90)": 0.19228399999999998,
        "p(95)": 0.2212698
      }
    },
    "http_req_waiting": {
      "type": "trend",
      "contains": "time",
      "values": {
        "med": 40.776571000000004,
        "max": 105.658832,
        "p(90)": 48.4845667,
        "p(95)": 52.38292439999999,
        "avg": 41.74649537517631,
        "min": 32.33771
      }
    },
    "vus": {
      "values": {
        "value": 1,
        "min": 1,
        "max": 10
      },
      "type": "gauge",
      "contains": "default"
    },
    "api_response_time": {
      "values": {
        "p(95)": 53.361261999999996,
        "avg": 42.48461970639042,
        "min": 32.522837,
        "med": 41.354045,
        "max": 105.933907,
        "p(90)": 49.997389899999995
      },
      "thresholds": {
        "p(95)<800": {
          "ok": true
        },
        "p(99)<1500": {
          "ok": true
        }
      },
      "type": "trend",
      "contains": "default"
    },
    "vus_max": {
      "type": "gauge",
      "contains": "default",
      "values": {
        "value": 10,
        "min": 10,
        "max": 10
      }
    },
    "http_req_duration": {
      "type": "trend",
      "contains": "time",
      "values": {
        "min": 32.522837,
        "med": 41.080397500000004,
        "max": 105.933907,
        "p(90)": 48.8223498,
        "p(95)": 52.81809674999999,
        "avg": 42.157199856135485
      },
      "thresholds": {
        "p(95)<1000": {
          "ok": true
        },
        "p(99)<2000": {
          "ok": true
        }
      }
    },
    "http_req_blocked": {
      "values": {
        "min": 0.000209,
        "med": 0.000391,
        "max": 218.426514,
        "p(90)": 0.0008363,
        "p(95)": 0.0009081499999999998,
        "avg": 0.6963643695345557
      },
      "type": "trend",
      "contains": "time"
    },
    "http_req_duration{expected_response:true}": {
      "type": "trend",
      "contains": "time",
      "values": {
        "med": 41.354045,
        "max": 105.933907,
        "p(90)": 49.997389899999995,
        "p(95)": 53.361261999999996,
        "avg": 42.48461970639042,
        "min": 32.522837
      }
    },
    "scenario_active_user": {
      "type": "counter",
      "contains": "default",
      "values": {
        "count": 96,
        "rate": 0.1991428314662683
      }
    },
    "checks": {
      "contains": "default",
      "values": {
        "rate": 1,
        "passes": 1158,
        "fails": 0
      },
      "type": "rate"
    },
    "http_req_failed": {
      "contains": "default",
      "values": {
        "rate": 0.18335684062059238,
        "passes": 260,
        "fails": 1158
      },
      "thresholds": {
        "rate<0.01": {
          "ok": false
        }
      },
      "type": "rate"
    },
    "group_duration": {
      "contains": "time",
      "values": {
        "p(90)": 13255.119753,
        "p(95)": 14686.727781099991,
        "avg": 8663.754827451918,
        "min": 171.811453,
        "med": 9175.1659405,
        "max": 16333.807048
      },
      "type": "trend"
    },
    "data_sent": {
      "type": "counter",
      "contains": "data",
      "values": {
        "rate": 157.09465236396352,
        "count": 75730
      }
    },
    "http_reqs": {
      "values": {
        "count": 1418,
        "rate": 2.941505573116338
      },
      "type": "counter",
      "contains": "default"
    },
    "http_req_tls_handshaking": {
      "type": "trend",
      "contains": "time",
      "values": {
        "avg": 0.3210584019746121,
        "min": 0,
        "med": 0,
        "max": 67.934584,
        "p(90)": 0,
        "p(95)": 0
      }
    },
    "iterations": {
      "values": {
        "count": 283,
        "rate": 0.5870564719266035
      },
      "type": "counter",
      "contains": "default"
    },
    "scenario_browser": {
      "contains": "default",
      "values": {
        "count": 93,
        "rate": 0.19291961798294743
      },
      "type": "counter"
    },
    "scenario_event_creator": {
      "type": "counter",
      "contains": "default",
      "values": {
        "count": 53,
        "rate": 0.10994343820533563
      }
    }
  },
  "root_group": {
    "name": "",
    "path": "",
    "id": "d41d8cd98f00b204e9800998ecf8427e",
    "groups": [
      {
        "path": "::Data Reader",
        "id": "e28036c3e6d16998ec46cfafa672d177",
        "groups": [],
        "checks": [
            {
              "name": "Fetch events: status 200",
              "path": "::Data Reader::Fetch events: status 200",
              "id": "c82f00057e931e319a1cd1e8dc6d0283",
              "passes": 41,
              "fails": 0
            },
            {
              "id": "961f07120d72656d31ef7d9441f2469e",
              "passes": 41,
              "fails": 0,
              "name": "Fetch users: status 200",
              "path": "::Data Reader::Fetch users: status 200"
            },
            {
              "name": "User health: status 200",
              "path": "::Data Reader::User health: status 200",
              "id": "a8c1ab23ec1b6e4c7de2eebfa44f36f4",
              "passes": 41,
              "fails": 0
            },
            {
              "name": "Group health: status 200",
              "path": "::Data Reader::Group health: status 200",
              "id": "ba76c8d4738b6ce909123a4695cc1e76",
              "passes": 41,
              "fails": 0
            },
            {
              "name": "Event health: status 200",
              "path": "::Data Reader::Event health: status 200",
              "id": "d6c2357b2dd3e248406f6b5e7583fdcb",
              "passes": 41,
              "fails": 0
            },
            {
              "fails": 0,
              "name": "Moderation health: status 200",
              "path": "::Data Reader::Moderation health: status 200",
              "id": "8459f86b2b0eb7a1848c326cb8c91f88",